id,Q1,Q2,Q3,Q4,Q5,Q6,Q7,Q8,Q9,Q10,A1
1,7,5,2,7,1,4,7,9,3,2,3
2,5,4,3,7,6,6,4,9,1,1,7
3,7,5,4,1,3,3,5,-1,3,2,6
4,5,2,2,6,2,5,6,1,3,1,6
5,3,7,1,2,5,3,2,-2,2,6,6
6,3,5,1,6,3,3,3,1,5,5,6
7,3,1,3,1,4,4,4,7,6,5,4
8,2,4,2,6,3,6,2,7,2,5,6
9,4,5,7,1,3,4,7,-2,6,6,5
10,3,7,3,5,5,4,4,8,6,1,3
11,1,3,6,4,3,4,7,0,2,7,2
12,1,5,2,6,3,3,2,1,3,7,5
13,1,2,7,6,3,3,3,0,2,7,6
14,7,3,3,7,7,2,3,-2,3,6,1
15,2,7,2,4,3,4,7,7,2,2,2
16,2,4,2,6,2,4,2,1,2,5,6
17,7,7,5,5,1,6,2,-1,2,1,1
18,4,5,7,1,3,6,6,0,2,1,1
19,1,6,4,2,4,6,7,8,3,2,4
20,3,7,2,6,5,4,6,0,1,6,2
21,3,5,3,1,3,3,3,-2,1,6,3
22,3,7,6,3,2,5,2,7,1,7,2
23,7,3,2,2,3,7,3,0,2,7,4
24,2,5,2,6,3,2,3,0,5,6,3
25,4,7,6,6,5,6,2,9,2,1,2
26,5,5,7,7,4,3,7,9,3,6,5
27,2,5,2,1,3,2,4,1,6,6,2
28,2,2,2,6,3,3,5,7,2,7,7
29,1,4,5,3,5,3,4,7,3,6,7
30,1,7,7,,3,5,4,0,,1,6
31,1,6,7,2,5,5,2,0,6,2,6
32,7,7,2,6,1,3,6,7,3,1,2
33,1,5,1,1,3,5,3,8,3,6,2
34,4,4,6,2,6,7,6,-1,1,5,2
35,4,7,3,1,5,2,4,-1,2,1,3
36,5,5,2,6,3,3,6,-1,2,2,5
37,1,2,2,4,5,6,2,8,5,1,2
38,7,2,1,3,6,2,3,1,5,7,1
39,3,5,6,2,3,3,6,0,3,7,5
40,1,7,2,6,5,2,4,0,1,2,2
41,7,6,3,5,1,4,2,-1,5,2,2
42,5,5,3,4,3,6,2,9,1,1,6
43,5,2,1,4,6,5,5,7,3,2,2
44,2,3,2,6,7,6,4,-1,6,5,6
45,2,7,3,1,3,6,4,9,5,2,5
46,4,5,4,1,5,2,4,-2,6,6,1
47,1,5,7,1,7,3,4,0,2,1,4
48,3,5,2,6,3,3,4,9,1,5,5
49,5,6,3,6,6,3,5,7,5,2,4
50,4,7,6,6,5,4,4,0,5,2,6
51,2,5,4,2,3,6,7,9,5,5,2
52,1,5,2,6,3,7,5,1,6,1,2
53,1,2,6,4,6,2,6,9,2,5,5
54,7,5,6,1,3,4,7,-1,5,7,2
55,7,7,1,1,5,3,2,7,5,5,5
56,3,2,2,6,2,4,3,9,5,6,3
57,2,5,2,6,3,7,4,-2,5,1,4
58,5,7,6,4,7,3,6,0,5,2,5
59,4,2,3,4,4,6,2,-2,5,6,7
60,1,7,2,6,3,6,4,0,3,1,6
61,4,5,5,7,1,3,4,0,6,6,6
62,7,3,6,4,2,4,2,7,3,7,4
63,2,5,3,1,3,3,3,-1,6,2,4
64,2,4,2,6,4,6,4,-2,3,2,3
65,6,7,3,1,5,6,4,7,5,7,5
66,5,5,1,6,3,2,4,1,1,7,5
67,5,5,7,4,6,7,4,9,6,7,5
68,7,5,2,6,3,3,4,7,2,1,5
69,7,5,1,7,3,3,3,-2,6,6,1
70,4,7,3,2,5,3,2,-2,6,1,3
71,7,2,6,5,6,6,4,7,6,2,2
72,3,5,2,,3,4,4,8,,2,5
73,1,1,6,1,7,5,5,-2,2,5,6
74,4,5,6,7,5,3,3,-2,2,5,2
75,3,7,6,2,3,5,3,-1,1,1,2
76,5,6,2,6,1,5,5,7,3,2,1
77,1,3,3,7,7,7,2,8,6,2,4
78,4,5,2,3,3,5,4,0,1,2,4
79,5,3,7,1,6,2,6,-1,2,6,4
80,1,7,2,,5,5,5,9,,5,6
81,5,5,7,1,3,3,7,8,5,6,2
82,5,3,4,1,3,3,5,0,6,1,3
83,6,7,1,5,2,7,3,1,6,2,4
84,7,5,2,6,3,3,7,1,1,2,4
85,6,7,2,2,5,6,4,0,3,2,3
86,3,1,6,4,3,7,7,8,5,5,4
87,2,5,2,7,3,6,4,7,3,7,6
88,7,3,2,6,5,3,2,-1,2,5,5
89,5,6,1,1,5,7,7,0,1,6,1
90,3,7,2,1,3,2,3,7,5,7,3
91,3,3,3,4,7,5,5,7,1,2,2
92,7,7,2,6,7,3,6,-2,2,5,6
93,5,5,3,4,3,2,2,7,5,1,6
94,7,4,4,1,3,6,4,1,6,5,5
95,1,7,1,5,5,7,7,1,6,6,2
96,4,5,2,6,3,3,4,9,2,5,2
97,7,6,4,5,3,5,5,-1,1,2,4
98,2,1,3,5,1,6,4,0,5,6,6
99,6,5,2,1,3,3,7,9,5,5,2
100,2,7,2,6,5,3,5,-2,1,7,2
101,6,4,7,5,2,4,4,1,2,1,7
102,1,5,3,7,3,6,6,-2,3,1,6
103,6,4,2,5,4,6,6,-1,5,2,6
104,7,6,2,6,1,7,4,9,2,6,4
105,3,7,3,1,3,5,6,-2,5,1,3
106,6,1,7,3,7,2,7,9,6,7,5
107,1,7,1,3,1,6,7,0,5,6,4
108,1,5,2,6,3,2,6,9,5,7,6
109,7,5,2,1,4,6,2,9,2,5,5
110,7,7,5,2,5,2,7,8,3,2,3
111,7,5,6,4,3,7,2,1,6,5,4
112,5,4,2,6,2,6,6,-2,3,1,7
113,5,3,3,3,5,2,6,8,3,5,3
114,6,5,6,6,3,5,2,9,5,7,7
115,2,7,5,2,5,3,4,7,2,1,3
116,5,7,2,6,6,7,4,1,5,2,4
117,7,5,7,1,3,5,5,-2,2,5,6
118,6,6,2,6,5,3,2,7,1,7,7
119,5,2,3,1,4,7,2,1,3,5,1
120,6,7,2,6,3,3,2,-2,1,1,2
121,3,7,7,5,1,2,2,8,1,1,7
122,5,3,6,4,1,4,5,1,6,2,4
123,1,5,4,1,3,5,4,-1,5,2,7
124,7,3,2,6,5,5,6,9,2,6,3
125,1,7,7,6,5,3,4,7,5,2,3
126,1,5,3,1,3,2,6,8,5,2,4
127,7,7,4,2,1,3,2,0,3,1,4
128,5,2,2,6,6,7,3,1,6,5,4
129,2,5,2,6,3,4,3,9,2,6,6
130,4,7,4,1,5,4,7,-1,1,5,1
131,4,4,5,4,2,4,6,1,2,7,1
132,4,5,2,6,3,3,6,-1,3,1,6
133,3,1,3,3,4,4,4,-2,6,7,3
134,1,5,4,4,2,3,7,0,6,5,3
135,1,,,1,,,,,3,,
136,2,5,2,6,1,7,3,7,3,6,3
137,2,3,3,4,4,2,5,9,2,5,2
138,4,5,2,6,3,2,6,9,5,2,5
139,1,5,5,7,3,3,5,8,6,5,4
140,2,7,2,6,5,3,7,8,5,2,3
141,4,5,6,1,3,7,6,7,3,1,6
142,2,5,4,5,1,7,4,9,1,7,1
143,3,2,6,7,2,4,4,-2,1,2,1
144,7,5,2,6,3,4,2,1,5,1,5
145,4,7,5,7,5,3,4,-1,1,1,7
146,5,5,6,6,7,2,5,-2,2,2,1
147,4,5,3,2,3,2,7,-2,5,6,4
148,7,6,2,6,5,6,7,1,2,6,3
149,7,4,6,6,6,5,5,8,1,1,7
150,5,7,1,4,3,5,3,9,3,1,6
151,2,3,4,4,5,3,3,8,5,5,4
152,3,,,6,,,,,5,,
153,7,5,6,1,3,6,2,0,5,5,4
154,2,6,3,4,1,4,2,8,1,7,5
155,7,7,5,5,5,6,6,8,6,7,7
156,5,5,2,6,3,3,4,-2,1,1,7
157,3,4,5,7,3,6,5,8,3,6,4
158,6,4,7,3,4,3,6,1,3,1,5
159,3,5,7,2,3,3,6,1,5,7,7
160,3,7,2,6,5,7,6,8,6,6,7
161,4,7,3,7,2,4,6,9,5,5,2
162,6,5,7,1,3,2,5,8,3,6,3
163,5,1,6,6,7,3,4,7,3,5,4
164,1,3,2,6,1,3,4,9,5,2,5
165,7,7,1,2,3,5,4,1,2,6,5
166,7,3,4,4,2,6,2,8,6,6,6
167,2,4,3,4,5,5,5,8,1,6,2
168,1,5,2,6,3,3,6,1,3,1,6
169,4,4,4,5,7,4,4,0,6,1,1
170,7,7,1,5,5,7,4,8,5,2,2
171,6,5,4,1,3,3,4,-1,1,2,4
172,3,7,2,6,6,7,4,7,2,5,3
173,6,3,4,5,7,3,2,9,5,1,5
174,1,5,3,5,3,2,2,-1,5,1,4
175,2,7,3,1,5,3,3,1,2,1,6
176,1,1,2,6,7,3,2,-1,1,1,5
177,1,5,7,1,3,5,4,7,3,2,7
178,6,7,2,4,2,3,5,9,1,2,4
179,3,5,4,7,7,5,2,0,6,6,6
180,7,7,2,6,3,3,4,8,5,1,5
181,7,6,2,2,5,7,6,0,5,7,4
182,2,3,3,5,6,2,2,-2,6,1,5
183,1,5,4,4,3,7,5,7,1,1,4
184,3,7,2,6,1,6,4,-2,1,2,5
185,4,7,4,6,5,3,2,1,5,1,4
186,6,5,3,1,3,3,3,8,2,1,6
187,7,1,6,2,4,4,6,-2,2,1,1
188,5,7,2,6,4,7,3,-1,3,1,5
189,5,5,3,1,3,3,7,8,2,7,6
190,7,7,6,1,5,7,4,1,6,6,1
191,5,7,3,1,5,5,4,9,6,2,4
192,7,5,2,6,3,3,4,1,1,2,1
193,7,7,3,5,4,5,6,-2,5,6,3
194,7,1,5,5,5,6,4,7,2,1,2
195,3,7,3,3,3,6,4,-1,6,1,5
196,1,6,2,6,6,5,4,7,6,1,7
197,4,,,1,,,,,6,,
198,4,5,3,1,3,3,6,1,6,7,3
199,4,5,6,1,2,4,2,0,3,5,1
200,4,7,2,6,5,3,3,7,2,1,6
201,7,5,2,,3,4,6,9,,5,5
202,6,3,2,1,5,6,7,0,1,2,4
203,7,4,3,7,2,5,2,0,1,2,6
204,2,5,2,6,3,7,4,0,3,5,6
205,4,7,5,5,5,4,4,1,6,5,6
206,4,6,4,5,7,3,4,8,2,1,6
207,2,,,1,,,,,5,,
208,4,6,2,6,2,5,2,-1,5,2,7
209,2,6,3,2,7,3,5,1,6,1,2
210,3,7,3,3,3,5,3,9,2,6,6
211,6,2,4,1,3,3,4,7,1,2,2
212,5,7,2,6,6,4,7,9,6,2,1
213,7,5,4,7,3,3,6,8,6,2,2
214,4,2,4,7,6,3,3,9,5,7,1
215,7,7,5,4,5,6,4,9,5,6,2
216,5,5,2,6,3,3,3,-1,5,7,6
217,4,1,3,2,2,7,4,-1,5,1,6
218,4,6,6,7,4,2,2,7,2,6,1
219,6,5,3,2,3,2,5,7,3,5,1
220,6,7,2,6,5,2,4,9,5,1,1
221,4,2,3,4,4,4,6,1,3,7,2
222,2,5,2,5,3,3,3,-1,1,1,5
223,5,6,6,3,4,5,7,7,5,7,2
224,1,4,2,6,1,6,4,8,2,7,3
225,5,7,6,1,3,4,6,7,2,2,2
226,2,6,5,6,5,6,5,1,1,2,2
227,3,2,2,5,6,5,2,9,3,6,7
228,5,5,2,6,3,5,4,0,1,7,3
229,2,5,2,4,6,7,2,-2,1,5,3
230,7,7,7,7,5,7,6,0,6,5,4
231,2,5,3,7,3,3,4,-2,2,6,5
232,7,1,2,,7,7,6,0,,5,2
233,2,7,3,6,4,3,7,8,2,7,5
234,2,5,1,1,3,3,6,8,2,6,5
235,2,7,2,6,5,5,4,0,1,7,4
236,4,6,2,6,3,5,3,1,6,7,5
237,4,5,2,3,3,4,4,9,6,6,3
238,2,2,3,7,4,4,6,9,5,2,1
239,1,5,2,4,2,4,7,-2,5,6,6
240,1,7,2,6,3,2,5,8,6,2,5
241,5,7,7,2,6,7,4,1,2,2,4
242,5,5,4,3,5,4,6,-2,5,2,6
243,4,5,6,1,3,3,3,-1,5,1,1
244,1,4,2,6,4,7,6,9,3,1,5
245,6,7,3,1,5,4,6,7,3,6,2
246,1,5,1,7,3,5,2,1,3,6,6
247,2,1,2,6,1,4,7,-2,2,6,3
248,3,4,2,6,4,4,4,1,2,1,7
249,5,,,1,,,,,3,,
250,7,7,3,6,5,4,5,-1,2,6,1
251,4,6,7,4,5,3,3,-1,6,2,7
252,4,5,2,6,3,3,7,-1,1,5,2
253,4,1,5,1,5,2,3,8,3,5,1
254,2,,,2,,,,,5,,
255,2,7,4,5,3,3,3,9,2,2,5
256,6,2,2,,4,4,6,-2,,5,1
257,2,,,4,,,,,3,,
258,4,5,2,1,3,3,7,-2,2,2,3
259,4,7,3,7,2,6,7,1,6,5,6
260,1,7,2,6,5,2,3,7,6,7,5
261,5,5,5,1,3,5,5,8,2,2,5
262,5,3,1,2,6,3,7,8,1,5,6
263,2,2,2,3,6,2,5,-1,2,2,7
264,5,5,2,6,3,3,7,7,1,1,3
265,7,7,3,4,5,3,2,9,1,6,4
266,5,4,3,7,3,3,3,0,6,1,5
267,5,5,1,5,3,2,5,8,5,7,4
268,5,3,2,6,6,5,4,1,1,2,6
269,2,2,3,6,5,4,6,8,1,2,6
270,2,7,5,1,3,6,5,7,2,7,5
271,5,7,6,4,2,2,3,-2,3,5,3
272,3,5,2,6,2,5,2,7,2,2,4
273,2,5,3,3,3,6,4,-1,6,1,6
274,3,3,6,3,2,6,7,7,2,6,2
275,5,7,2,6,5,6,6,9,5,2,1
276,7,5,2,6,3,2,5,-2,3,2,6
277,2,2,6,3,2,2,3,1,1,6,2
278,5,6,3,1,4,3,7,-1,1,2,3
279,3,5,5,1,3,2,3,1,2,6,4
280,3,7,2,6,5,6,6,1,5,6,2
281,5,7,1,5,2,5,5,8,5,5,3
282,2,5,5,5,3,3,4,1,6,7,7
283,7,2,2,4,7,7,6,0,2,2,6
284,5,1,2,6,3,5,5,-2,2,6,6
285,2,7,2,7,3,4,4,-2,1,2,4
286,5,3,5,3,5,4,7,7,3,2,2
287,6,1,3,1,6,3,3,9,2,7,3
288,7,5,2,6,3,3,5,7,6,6,3
289,4,5,4,6,6,2,4,0,3,5,7
290,7,7,1,3,5,2,5,9,2,1,2
291,6,5,4,1,3,3,7,8,2,5,6
292,4,4,2,6,5,3,6,9,6,1,4
293,5,3,2,6,1,4,5,-1,6,7,5
294,3,5,3,3,3,4,4,7,3,1,7
295,2,7,2,6,5,3,4,8,3,2,3
296,4,3,2,6,6,6,7,1,1,6,6
297,1,5,7,1,3,2,7,1,2,7,6
298,1,2,7,3,3,5,4,-1,5,7,2
299,1,7,5,1,1,5,7,7,6,7,7
300,1,7,2,6,3,4,5,0,5,6,7
301,3,4,3,7,6,6,5,-2,2,7,7
302,7,1,6,6,5,2,3,-1,1,2,3
303,5,5,7,7,3,3,5,1,6,7,3
304,2,1,2,6,7,4,7,-1,2,7,2
305,6,7,7,1,5,6,6,-2,5,2,1
306,3,5,6,1,3,5,3,-2,3,6,7
307,4,1,3,6,7,7,7,7,5,1,1
308,2,5,2,6,4,6,4,7,2,2,5
309,3,5,1,3,3,5,6,8,6,5,2
310,7,7,7,2,5,2,4,1,3,2,4
311,5,5,7,6,4,6,2,-2,1,7,5
312,1,5,2,6,3,3,5,8,6,1,1
313,5,3,4,2,6,7,5,8,5,5,2
314,2,4,5,4,3,6,4,8,5,6,5
315,5,7,3,1,3,3,3,1,5,1,3
316,7,1,2,6,2,5,4,8,6,1,3
317,6,5,6,4,3,3,4,9,6,2,7
318,2,5,2,6,3,7,7,0,2,1,1
319,5,6,1,2,7,3,4,0,6,1,1
320,4,7,2,6,5,5,4,1,1,7,7
321,1,5,6,4,3,6,3,-1,5,2,1
322,3,4,3,1,5,3,7,1,2,5,2
323,2,,,,,,,,,,
324,5,5,2,6,3,2,6,8,3,1,3
325,7,7,2,6,5,2,6,0,6,1,3
326,4,,,1,,,,,6,,
327,2,5,4,2,3,6,2,-2,2,1,1
328,5,6,2,6,4,2,7,-1,2,1,3
329,7,5,3,6,2,7,6,7,5,6,6
330,1,7,5,2,3,3,4,7,6,2,4
331,2,4,6,6,7,3,6,0,1,7,7
332,2,5,2,6,6,7,5,0,1,5,7
333,7,5,3,,3,3,2,8,,6,6
334,5,2,2,3,7,3,2,7,3,7,2
335,1,7,5,5,5,7,7,-2,1,5,6
336,2,5,2,6,3,4,5,7,6,1,7
337,3,5,1,7,3,7,3,-1,5,2,5
338,7,4,1,2,7,7,7,0,5,2,5
339,1,5,5,1,3,4,3,-1,5,2,6
340,6,7,2,,5,5,2,1,,7,2
341,5,3,3,2,4,2,2,0,1,5,5
342,2,5,3,1,3,5,4,7,5,7,5
343,7,6,3,6,7,2,7,8,5,6,7
344,5,2,2,6,4,7,4,7,5,7,1
345,1,7,5,3,3,6,7,1,2,7,4
346,7,1,3,3,5,3,4,0,1,1,7
347,5,2,1,4,6,6,4,9,5,7,3
348,1,5,2,6,3,7,3,-2,5,1,5
349,6,7,5,3,3,6,4,8,6,1,6
350,4,7,3,7,5,3,5,9,6,7,2
351,5,5,5,1,3,6,7,0,6,5,4
352,7,2,2,6,2,5,2,-1,1,2,1
353,4,7,6,2,5,5,6,-1,3,5,2
354,1,5,6,4,3,3,6,9,5,1,1
355,1,7,3,3,5,6,4,1,2,5,3
356,7,1,2,6,7,2,4,-1,1,7,4
357,5,5,3,6,3,4,4,1,2,2,1
358,2,2,2,3,1,3,5,7,2,1,6
359,3,6,4,7,5,2,6,0,1,6,1
360,4,7,2,6,3,3,5,0,2,5,5
361,6,6,3,7,2,3,4,-2,6,5,2
362,4,5,4,5,7,4,4,0,2,1,1
363,3,5,5,3,3,7,6,8,1,5,1
364,4,1,2,6,7,2,7,7,3,6,4
365,5,7,3,3,5,5,4,-2,5,1,3
366,3,5,4,5,3,4,4,-1,5,1,7
367,7,4,7,4,2,5,4,7,6,6,5
368,3,6,2,6,3,3,3,9,1,7,1
369,7,5,3,1,3,3,5,-2,1,6,4
370,3,7,2,5,5,3,5,7,5,2,5
371,6,3,3,5,6,4,7,-1,2,6,4
372,7,5,2,6,3,2,5,0,2,1,5
373,7,4,4,3,6,3,4,7,6,5,2
374,1,2,7,1,4,7,6,8,2,5,3
375,4,7,1,4,3,5,4,8,2,6,4
376,5,6,2,6,1,2,7,0,2,1,1
377,3,5,1,5,5,7,6,-2,2,2,7
378,5,5,3,1,3,7,5,8,6,7,2
379,3,5,1,6,5,5,2,-1,6,5,1
380,3,7,2,6,5,2,6,7,2,2,7
381,1,5,5,,3,7,4,0,,1,1
382,2,7,4,,5,3,3,-2,,5,5
383,2,3,4,6,7,5,2,7,1,7,3
384,1,5,2,6,3,5,2,-2,3,2,7
385,3,7,3,5,5,4,4,8,3,6,2
386,6,5,4,2,1,2,2,1,3,5,1
387,4,5,7,1,3,3,6,-2,1,5,5
388,1,4,2,6,1,3,4,7,6,1,2
389,2,5,4,1,1,7,2,9,5,7,1
390,7,7,7,5,3,2,7,-2,5,1,6
391,5,6,2,2,1,2,7,-2,3,5,1
392,7,1,2,6,6,5,2,9,1,5,7
393,5,5,3,1,3,7,4,1,2,1,4
394,5,,,6,,,,,6,,
395,3,7,2,2,5,7,5,-1,2,1,4
396,2,5,2,6,3,3,5,0,6,7,4
397,1,3,3,7,7,7,7,1,5,6,4
398,6,5,7,2,3,4,7,9,2,1,3
399,7,5,3,1,3,5,3,9,5,7,3
400,6,7,2,6,5,4,4,0,2,1,3
401,3,7,4,5,1,6,3,8,2,1,7
402,6,5,4,1,3,6,5,8,5,7,7
403,1,1,1,2,2,2,4,-1,2,7,4
404,3,5,2,6,7,3,3,-2,5,5,5
405,3,7,2,1,3,5,3,-1,6,1,6
406,1,2,3,7,3,6,6,8,1,1,2
407,1,6,2,4,3,3,4,-1,3,7,6
408,5,5,2,6,3,5,7,1,5,2,5
409,3,2,3,7,1,5,5,9,1,2,7
410,2,7,4,7,5,4,2,-2,3,5,3
411,7,5,2,3,3,2,5,1,6,2,5
412,5,1,2,6,7,3,4,1,6,6,1
413,2,1,3,7,6,3,7,-2,3,5,6
414,1,5,6,1,3,2,2,9,2,6,5
415,5,7,7,,5,6,4,8,,1,7
416,6,7,2,6,7,5,3,-1,5,2,5
417,6,5,4,,3,6,3,0,,6,2
418,6,4,5,1,7,3,4,8,1,5,5
419,1,4,3,6,2,4,7,-1,5,1,4
420,5,7,2,6,3,6,5,1,1,6,7
421,3,4,6,3,3,6,2,0,5,5,7
422,7,3,2,2,3,4,5,7,1,1,2
423,2,5,4,1,3,2,7,9,2,7,1
424,6,3,2,,5,3,3,1,,1,1
425,3,7,5,3,5,7,6,1,1,1,2
426,5,5,2,4,3,6,5,1,3,2,6
427,1,4,3,5,6,5,6,-2,5,6,5
428,1,2,2,6,2,3,4,8,2,7,7
429,3,5,3,4,3,5,5,0,5,1,4
430,2,7,2,3,5,5,6,7,3,6,3
431,1,2,5,3,5,6,2,9,2,7,3
432,3,5,2,6,3,7,4,9,3,2,6
433,3,2,6,5,2,3,6,0,5,1,3
434,2,7,3,1,1,2,4,7,2,1,7
435,6,7,7,1,3,7,2,0,3,2,3
436,5,4,2,6,6,5,4,7,5,2,6
437,4,7,6,3,2,3,5,-2,2,5,4
438,3,5,1,1,3,5,3,-1,3,2,4
439,1,5,6,3,4,3,7,7,5,6,4
440,4,7,2,6,5,3,4,8,5,5,1
441,5,5,3,1,3,7,7,8,3,1,1
442,5,7,7,5,2,2,5,0,3,1,1
443,1,1,6,7,6,4,3,9,1,1,3
444,5,5,2,6,3,3,7,1,3,2,6
445,3,7,3,7,5,2,6,-2,2,6,5
446,5,3,1,3,4,6,6,1,5,2,2
447,1,5,5,4,3,6,4,0,2,1,7
448,4,3,2,6,2,3,6,-2,1,1,4
449,6,6,2,5,4,4,4,0,6,7,5
450,3,7,3,1,3,6,5,7,6,7,4
451,3,3,2,7,1,3,5,0,3,7,2
452,6,4,2,6,3,3,4,-2,3,5,5
453,5,5,2,4,3,3,2,-2,3,2,3
454,5,7,2,2,3,3,3,0,6,6,7
455,7,7,3,7,5,3,5,0,2,1,6
456,1,5,2,6,3,3,3,7,3,5,7
457,5,5,6,2,4,3,5,-2,1,1,5
458,2,4,3,6,3,6,4,7,1,2,5
459,1,5,4,1,3,2,6,7,2,7,2
460,1,7,2,6,5,6,7,-2,2,7,7
461,4,6,4,7,1,4,4,1,6,6,1
462,5,5,3,2,3,7,7,-1,1,7,7
463,7,6,7,3,2,3,7,8,1,2,4
464,2,4,2,6,7,3,7,-1,6,2,3
465,7,7,4,1,3,4,5,0,3,2,2
466,6,7,7,4,6,5,4,9,6,5,4
467,6,7,7,,5,5,4,0,,7,1
468,2,,,6,,,,,3,,
469,7,1,3,2,7,5,4,-1,5,5,7
470,7,7,4,4,5,7,5,9,5,5,7
471,7,5,1,5,3,4,6,7,2,2,7
472,6,3,2,6,5,5,3,-1,5,1,3
473,2,,,6,,,,,1,,
474,1,5,3,1,3,2,2,7,5,6,5
475,7,7,7,5,5,6,4,1,3,7,5
476,4,6,2,6,3,5,2,-1,2,7,5
477,6,5,3,1,3,4,2,7,6,1,6
478,1,4,4,7,5,4,2,-1,3,2,6
479,3,7,7,6,7,3,4,0,3,7,3
480,4,7,2,6,3,4,7,8,5,5,1
481,3,3,5,6,5,3,3,1,5,6,7
482,5,5,4,7,6,5,2,1,1,6,5
483,3,5,3,7,3,3,2,9,1,6,3
484,5,1,2,6,4,3,2,0,5,6,5
485,5,7,3,4,5,6,4,8,2,7,4
486,4,5,5,1,3,4,2,8,6,5,2
487,2,3,5,1,1,3,4,1,3,6,7
488,2,4,2,6,5,3,5,1,6,1,7
489,7,5,1,5,3,3,3,1,3,6,1
490,2,7,3,5,5,7,6,1,2,2,1
491,5,5,7,5,6,4,5,-2,1,7,6
492,2,5,2,6,3,7,5,-2,5,7,7
493,5,1,4,1,4,3,2,-2,3,2,3
494,5,6,2,1,1,3,5,8,1,6,5
495,6,7,3,1,3,4,2,8,5,7,2
496,4,3,2,6,2,3,5,1,5,2,1
497,2,1,3,5,1,5,4,7,1,1,7
498,7,5,7,7,3,4,4,1,2,1,6
499,3,6,5,5,7,3,3,9,5,7,4
500,1,7,2,6,5,6,2,0,2,7,6
501,3,5,5,1,3,6,7,-2,6,7,3
502,2,4,7,5,2,5,7,7,1,6,4
503,1,2,2,5,6,3,2,7,3,2,2
504,6,5,2,6,3,5,6,0,3,6,2
505,2,7,4,2,5,3,4,-1,3,1,4
506,7,1,6,5,5,2,3,7,1,2,1
507,7,,,1,,,,,2,,
508,6,2,2,6,3,7,4,7,1,6,5
509,2,3,4,5,1,3,5,1,6,2,1
510,5,7,4,3,3,7,3,7,6,2,1
511,5,7,3,6,1,4,7,-2,1,6,1
512,6,2,2,6,7,7,3,1,5,5,4
513,4,5,5,1,3,2,4,0,1,2,3
514,1,3,5,4,2,3,4,7,1,6,5
515,4,7,4,4,5,7,5,9,2,7,2
516,7,5,2,6,3,6,3,9,3,7,7
517,4,7,4,4,2,6,2,9,5,7,5
518,1,2,3,3,1,3,6,1,5,6,1
519,6,5,2,1,3,2,7,-1,3,7,7
520,7,7,2,6,5,5,3,9,1,2,7
521,4,4,3,1,5,3,5,-1,5,7,7
522,6,5,6,1,3,4,3,-2,6,2,1
523,6,1,5,,1,2,4,1,,7,7
524,6,3,2,6,3,3,2,-2,3,5,5
525,5,7,3,2,3,4,5,1,1,2,7
526,6,5,3,3,2,5,2,0,1,1,1
527,2,4,6,7,4,6,2,-1,3,6,2
528,4,5,2,6,3,4,6,8,6,7,4
529,6,2,5,1,7,4,7,7,3,6,3
530,6,7,3,6,5,3,5,9,5,2,7
531,3,5,7,1,3,6,4,-2,1,6,3
532,5,2,2,6,7,4,2,-1,1,1,4
533,1,5,4,2,5,5,2,0,1,6,4
534,5,5,7,6,3,4,7,1,1,7,2
535,4,7,4,3,5,3,7,7,2,5,5
536,6,4,2,6,2,3,4,9,1,1,7
537,7,5,7,5,3,2,2,1,3,5,4
538,7,1,5,1,1,6,4,1,2,5,3
539,3,2,3,5,3,4,5,-2,3,1,7
540,4,7,2,6,3,5,3,-2,6,6,7
541,1,6,4,,1,5,6,7,,1,7
542,2,6,2,4,5,5,6,8,1,7,6
543,2,5,6,3,3,4,6,8,1,5,5
544,3,3,2,6,5,2,4,1,6,6,4
545,4,7,3,6,5,2,4,8,6,2,5
546,4,5,3,7,3,3,6,7,6,1,7
547,2,3,3,5,3,2,4,-1,6,6,7
548,4,7,2,6,1,2,3,-2,5,6,6
549,7,,,1,,,,,6,,
550,6,7,7,2,5,5,6,-2,3,7,6
551,7,1,5,2,6,5,3,1,6,2,3
552,6,5,2,6,3,5,7,-2,5,7,6
553,2,5,3,2,4,3,7,1,3,6,3
554,6,,,6,,,,,5,,
555,1,7,1,2,3,3,5,8,6,1,5
556,5,5,2,6,6,2,4,-1,2,6,1
557,2,3,7,3,5,2,4,7,5,5,2
558,2,5,4,1,3,2,4,-2,6,6,3
559,5,3,4,1,5,3,4,0,5,1,2
560,1,7,2,6,5,6,2,0,5,7,5
561,3,5,4,4,3,3,3,7,3,7,4
562,5,4,1,6,1,2,4,0,2,6,4
563,4,6,4,4,6,5,2,8,1,7,3
564,2,5,2,6,3,3,4,8,3,1,7
565,2,7,7,7,5,5,4,1,3,6,5
566,7,1,1,1,2,7,4,0,1,2,2
567,5,5,3,1,3,4,5,1,2,6,6
568,2,1,2,6,5,7,6,-2,3,7,3
569,6,3,5,4,1,6,4,-2,3,2,3
570,4,7,5,2,3,2,5,8,3,2,1
571,7,6,4,2,7,6,6,0,3,6,6
572,1,4,2,6,4,5,4,-1,3,5,4
573,1,5,2,7,3,5,5,7,5,2,5
574,6,4,3,7,3,7,5,7,5,1,2
575,1,7,4,4,5,2,6,7,5,6,7
576,2,5,2,6,3,2,6,-1,3,1,5
577,2,4,2,6,7,3,7,8,6,7,2
578,3,6,3,,5,4,3,7,,5,1
579,5,5,7,2,3,6,6,9,1,6,5
580,1,,,6,,,,,1,,
581,1,3,3,3,5,3,7,1,3,6,5
582,3,5,5,5,3,4,7,-1,6,1,1
583,3,5,6,5,3,3,2,1,1,5,2
584,5,5,2,6,3,7,6,1,1,7,4
585,3,7,3,1,3,6,5,9,6,7,5
586,7,2,3,2,3,7,2,8,5,6,3
587,6,1,3,2,4,5,5,0,2,1,1
588,1,5,2,6,3,3,7,-1,3,7,1
589,1,1,7,4,4,3,2,-2,6,5,7
590,6,7,7,5,5,7,4,8,6,5,5
591,5,5,1,1,3,3,4,-1,1,6,5
592,7,3,2,,3,2,2,9,,5,7
593,6,6,3,4,2,7,4,-2,1,2,7
594,4,5,6,1,3,3,4,9,1,2,6
595,6,7,3,6,5,5,6,1,6,2,5
596,5,2,2,6,6,3,6,-2,1,2,6
597,6,5,4,4,3,3,3,7,3,7,1
598,1,6,5,4,4,7,7,8,6,1,7
599,4,2,6,2,2,2,4,-1,2,5,5
600,2,7,2,6,3,5,4,9,1,2,6
601,6,2,7,1,1,6,4,1,3,6,6
602,7,2,3,2,5,2,2,1,6,6,4
603,6,5,1,1,3,4,2,-2,3,5,7
604,2,3,2,6,5,5,5,1,3,2,6
605,7,7,2,5,5,7,5,-2,1,6,1
606,6,5,4,4,3,5,2,8,5,7,2
607,6,1,6,2,5,3,6,0,6,2,5
608,5,4,2,6,3,4,7,-2,6,2,5
609,3,5,3,1,3,5,6,7,3,1,4
610,1,7,5,7,5,5,5,9,3,5,2
611,4,5,4,3,3,6,3,-2,6,5,4
612,4,5,2,6,3,7,2,0,5,6,1
613,2,2,1,6,6,2,6,7,1,2,3
614,7,4,6,7,6,5,7,-1,2,7,4
615,7,7,3,1,3,5,7,-1,1,6,7
616,7,2,2,6,3,3,4,8,6,5,6
617,7,7,3,2,4,6,4,8,6,6,3
618,2,5,6,4,3,5,3,-1,3,5,2
619,2,5,7,1,6,6,7,9,5,6,3
620,5,7,2,6,5,3,5,9,1,7,6
621,1,5,7,1,3,4,2,-1,6,6,1
622,4,7,5,4,2,4,7,-1,2,5,1
623,7,4,3,5,3,3,4,1,1,2,1
624,5,5,2,6,3,3,3,-2,6,7,3
625,7,7,4,4,5,6,5,0,3,6,7
626,1,1,3,4,5,3,4,8,6,6,4
627,6,5,1,1,3,5,5,9,1,6,2
628,1,6,2,6,3,3,2,-2,1,5,4
629,6,7,1,1,3,6,4,0,1,1,6
630,7,,,1,,,,,3,,
631,2,1,6,7,7,5,6,-1,2,7,5
632,7,4,2,6,5,2,6,8,2,1,7
633,4,5,6,7,3,6,3,8,2,1,4
634,1,3,6,6,3,3,4,-2,6,2,2
635,4,7,7,1,5,4,4,-2,2,5,2
636,2,5,2,6,3,2,6,-2,1,6,6
637,3,7,3,1,4,6,2,9,5,1,3
638,4,5,2,6,3,4,4,0,2,6,3
639,7,5,6,1,3,4,4,7,2,5,3
640,7,7,2,6,5,3,7,1,1,5,5
641,6,3,7,4,2,2,3,1,3,1,3
642,7,5,1,6,3,4,3,8,6,6,1
643,3,4,6,6,2,2,7,1,5,6,1
644,4,7,2,6,3,3,3,-1,3,7,1
645,7,7,7,6,3,4,5,-1,3,7,7
646,7,5,2,6,1,5,4,7,6,6,6
647,3,3,2,6,5,4,5,-2,1,5,6
648,6,5,2,6,3,3,4,9,3,7,3
649,1,2,4,3,7,3,2,8,6,6,2
650,3,,,5,,,,,5,,
651,7,5,3,5,3,5,4,1,2,6,6
652,4,7,2,6,1,6,5,-2,5,5,7
653,2,4,7,3,7,7,4,7,5,6,3
654,7,5,7,3,3,6,6,0,1,5,7
655,6,7,3,7,5,3,5,0,3,6,3
656,6,1,2,6,7,3,4,1,6,7,6
657,6,5,4,1,3,6,3,9,6,1,2
658,7,5,3,5,2,4,4,7,2,6,5
659,4,2,4,2,7,3,4,7,5,5,4
660,3,7,2,6,3,2,2,-1,2,5,7
661,3,7,6,3,6,3,4,-2,3,5,6
662,2,5,7,7,2,6,2,9,1,7,1
663,4,5,2,3,3,6,7,-2,5,5,5
664,6,7,2,6,3,3,4,7,1,6,5
665,6,7,3,2,5,3,2,8,2,1,7
666,6,5,2,1,3,5,4,0,2,5,5
667,7,7,2,5,2,7,7,-1,6,2,4
668,4,4,2,6,6,7,3,0,2,6,2
669,1,5,2,2,3,6,7,9,1,5,2
670,3,7,3,1,5,7,6,8,1,5,4
671,7,2,1,7,1,5,7,1,2,7,4
672,3,5,2,6,3,5,4,-2,3,1,5
673,5,4,4,5,5,3,5,-1,5,7,1
674,2,1,4,5,1,7,5,-1,5,7,1
675,7,7,6,1,3,7,4,1,5,6,2
676,5,1,2,6,4,3,6,0,5,7,3
677,2,7,7,2,5,6,6,1,5,2,1
678,7,5,7,5,3,7,2,-2,2,1,1
679,3,3,3,6,2,3,3,-2,2,1,6
680,7,7,2,6,5,3,7,8,5,1,2
681,6,5,1,7,3,3,3,8,5,7,7
682,1,1,3,1,2,7,6,0,3,6,5
683,7,3,1,6,6,6,4,7,2,6,6
684,3,5,2,6,3,5,5,7,2,6,5
685,1,7,7,5,5,4,2,-2,5,2,7
686,7,1,3,1,1,3,2,-2,2,5,6
687,4,5,7,5,3,6,7,9,3,5,6
688,6,2,2,6,4,3,2,-1,3,2,3
689,6,2,2,7,3,5,4,0,1,6,6
690,5,7,2,1,3,3,5,-1,5,7,2
691,6,7,4,1,4,3,4,1,6,7,7
692,2,1,2,6,1,3,2,8,5,1,5
693,7,5,3,1,3,5,4,9,2,2,5
694,6,4,4,5,5,4,7,0,3,6,2
695,5,7,1,1,5,3,4,9,5,1,2
696,3,5,2,6,3,2,6,0,6,6,1
697,4,5,1,1,6,3,6,-2,1,7,5
698,7,2,4,3,6,6,6,-1,6,5,5
699,4,5,2,3,3,3,4,7,3,6,4
700,1,7,2,6,5,5,5,-2,3,6,2
701,2,5,3,7,2,2,4,-1,6,7,6
702,6,5,1,1,3,3,6,0,1,1,3
703,5,3,5,5,6,4,4,9,2,2,3
704,7,4,2,6,6,3,4,0,3,2,1
705,5,7,7,7,3,3,3,8,3,5,5
706,2,3,2,4,6,6,7,8,6,2,3
707,3,6,3,1,1,5,3,-2,3,5,5
708,2,5,2,6,3,2,3,1,1,5,2
709,1,2,4,6,1,5,5,-2,5,1,2
710,7,7,6,2,5,3,2,1,2,7,7
711,4,5,3,1,3,4,7,8,1,6,5
712,1,2,2,6,3,4,5,0,6,1,4
713,1,3,7,1,2,4,3,0,1,1,7
714,5,5,3,3,3,3,4,9,3,7,7
715,7,7,6,3,5,5,5,-1,3,2,7
716,2,3,2,6,7,5,2,8,1,7,6
717,6,5,4,1,3,7,6,0,6,1,4
718,6,5,4,3,7,3,2,9,1,1,2
719,3,3,7,4,1,6,4,-2,1,1,7
720,2,7,2,6,3,3,5,-2,5,2,1
721,2,3,3,1,7,4,3,0,5,5,7
722,4,4,5,5,1,5,6,8,1,6,2
723,7,5,3,3,3,5,2,1,6,6,4
724,2,1,2,6,3,5,2,-1,3,6,6
725,1,7,6,5,5,7,2,-1,6,7,5
726,4,5,1,6,3,6,6,-2,3,1,5
727,2,7,5,2,3,3,3,9,3,6,5
728,2,6,2,6,1,4,7,0,1,1,4
729,5,5,6,1,3,7,5,-1,3,7,3
730,4,7,7,2,5,3,4,0,6,6,1
731,3,,,5,,,,,3,,
732,1,5,2,6,3,4,4,7,5,6,1
733,6,4,3,2,4,5,4,-2,2,1,5
734,5,6,7,4,2,7,5,-2,3,7,3
735,4,7,3,7,3,3,3,7,2,7,1
736,7,1,2,6,2,5,5,8,6,5,2
737,2,4,3,2,7,5,2,0,3,2,5
738,5,5,3,1,3,2,6,9,3,1,1
739,6,5,6,7,3,4,4,7,2,2,1
740,4,7,2,6,5,5,2,-1,2,2,6
741,7,5,7,2,3,3,7,0,2,7,3
742,3,6,3,7,5,3,3,1,6,5,5
743,4,3,1,4,7,2,6,9,6,2,6
744,2,5,2,6,3,7,4,1,5,7,1
745,4,7,5,1,5,2,3,9,1,2,2
746,3,5,7,,4,3,3,-2,,5,2
747,4,5,7,1,3,6,7,7,5,6,1
748,5,3,2,6,4,2,4,8,6,5,3
749,7,7,3,1,4,5,5,8,1,1,6
750,1,7,3,6,3,3,2,-1,3,6,6
751,1,,,6,,,,,6,,
752,1,3,2,6,1,3,7,1,3,7,7
753,1,5,2,1,3,6,4,0,2,2,5
754,1,3,6,7,4,6,6,-1,3,2,6
755,6,7,7,7,5,4,4,8,1,7,1
756,7,5,2,6,3,4,5,0,3,1,3
757,3,1,1,2,5,7,7,0,2,2,6
758,3,5,1,7,1,6,3,7,3,7,1
759,1,5,3,5,3,4,7,-2,2,5,4
760,7,7,2,6,5,7,4,8,2,7,5
761,3,,,2,,,,,6,,
762,2,5,5,7,3,7,6,9,1,6,4
763,2,7,3,6,2,2,5,9,3,7,1
764,4,3,2,6,3,7,7,9,2,1,4
765,6,7,1,1,3,6,2,8,1,2,5
766,7,7,4,,5,3,4,8,,7,1
767,1,4,3,6,2,3,3,0,2,7,2
768,6,5,2,6,3,6,5,1,2,5,5
769,1,2,7,7,4,6,6,8,6,5,3
770,4,7,3,2,5,7,7,-1,6,1,4
771,6,5,7,5,3,5,4,7,1,2,4
772,3,4,2,6,3,7,4,0,5,5,4
773,6,3,4,5,7,6,5,0,2,7,3
774,5,5,4,,3,2,6,1,,6,6
775,4,7,5,6,5,3,5,1,1,5,1
776,2,5,2,6,3,6,4,0,1,6,4
777,2,5,3,7,3,7,7,-1,1,7,7
778,5,5,7,1,4,3,6,-1,2,5,2
779,6,5,4,6,2,6,4,7,1,6,4
780,6,7,2,6,3,5,4,-2,5,5,1
781,6,5,4,6,4,3,5,9,6,1,7
782,2,4,5,1,2,2,7,-2,6,7,2
783,4,5,5,1,3,7,3,9,5,5,7
784,3,2,2,6,6,3,6,7,1,7,1
785,7,7,6,5,5,7,7,-2,3,7,1
786,2,5,3,4,3,3,6,9,3,7,7
787,1,1,1,1,2,3,4,9,1,2,3
788,2,6,2,6,5,6,2,8,1,5,1
789,2,5,2,5,3,4,6,-1,2,2,6
790,6,7,6,6,5,5,2,7,3,5,2
791,2,6,3,7,6,3,4,1,6,5,3
792,4,5,2,6,3,6,6,-1,5,5,5
793,4,6,2,3,3,2,7,-2,1,1,4
794,6,3,3,5,4,2,4,-2,2,6,6
795,5,7,4,5,3,7,7,7,3,1,3
796,5,6,2,6,6,6,4,-1,3,2,1
797,3,6,5,3,6,7,3,7,2,7,4
798,4,5,3,4,3,3,5,-2,2,2,1
799,3,,,3,,,,,3,,
800,5,7,2,6,5,7,4,0,1,6,1
801,5,5,7,1,3,2,6,-1,3,5,3
802,4,6,3,4,4,2,2,-2,3,7,7
803,2,5,5,6,7,7,7,9,2,5,7
804,5,5,2,6,3,3,5,-1,6,5,1
805,3,7,3,5,5,3,4,8,2,5,1
806,4,4,5,3,5,4,7,-2,3,1,1
807,7,5,1,2,3,2,7,-1,2,7,2
808,1,4,2,6,4,3,5,8,1,5,7
809,6,6,4,1,1,5,5,9,5,7,5
810,3,7,6,1,3,3,3,1,5,7,2
811,6,3,2,4,3,4,5,9,6,6,3
812,7,5,2,6,3,5,5,1,3,6,7
813,4,5,1,7,3,5,6,-1,3,7,4
814,3,3,2,6,5,2,5,1,6,6,4
815,7,7,2,3,5,6,7,9,6,5,4
816,5,5,2,6,3,6,2,-1,5,5,1
817,2,7,5,3,4,5,6,1,3,1,3
818,5,5,6,3,7,4,2,9,5,1,1
819,7,5,3,1,3,2,4,0,5,7,3
820,4,7,2,6,5,7,7,0,3,2,4
821,3,6,1,5,7,5,3,9,5,2,3
822,6,5,2,7,3,4,3,-2,3,5,3
823,6,7,2,2,1,3,2,9,1,5,5
824,1,1,2,6,4,7,7,7,6,2,3
825,3,7,3,7,3,6,6,8,1,2,4
826,1,5,3,1,7,2,6,7,5,7,1
827,7,4,1,4,7,3,4,-2,2,2,6
828,7,5,2,6,3,5,5,1,6,5,3
829,7,4,2,3,4,3,5,9,6,1,7
830,7,7,6,5,5,4,2,1,1,6,2
831,5,5,5,2,3,7,7,8,5,7,4
832,4,4,2,6,2,3,5,-2,2,6,5
833,1,2,3,1,2,7,4,7,6,5,6
834,1,5,6,7,3,7,5,1,5,5,2
835,2,7,3,6,5,2,3,-1,2,6,2
836,6,4,2,6,1,2,2,-1,6,2,2
837,6,5,3,1,3,7,2,7,6,5,1
838,7,4,2,7,6,3,4,-2,2,2,4
839,7,7,6,6,7,7,2,-2,2,5,4
840,2,7,2,6,3,7,7,7,1,2,1
841,4,6,2,2,1,3,4,8,2,5,6
842,5,7,6,4,1,3,3,8,5,6,4
843,4,5,2,4,3,3,7,0,1,1,5
844,6,1,2,6,7,2,3,-1,3,1,3
845,2,7,5,6,5,6,5,9,3,7,4
846,5,5,2,1,3,7,6,9,5,5,7
847,3,6,3,5,7,6,3,7,6,6,6
848,2,3,2,6,7,2,2,8,2,1,1
849,1,5,6,3,3,2,2,1,5,7,5
850,1,7,7,7,5,3,7,1,1,2,3
851,5,6,5,5,6,3,3,7,3,5,7
852,5,5,2,6,3,7,4,9,2,1,5
853,4,4,7,4,2,3,7,-1,3,6,4
854,2,2,3,1,4,6,3,7,6,1,1
855,7,7,1,1,3,3,7,8,5,1,4
856,2,6,2,6,5,4,4,0,5,6,3
857,4,2,1,7,4,2,4,-2,3,5,7
858,2,5,3,2,3,2,2,8,6,5,1
859,7,1,3,2,4,4,2,0,2,7,5
860,1,7,2,6,5,4,2,9,3,6,1
861,4,5,3,5,3,3,7,0,2,7,5
862,1,5,3,2,6,3,6,7,6,2,2
863,2,6,3,4,3,6,4,8,1,2,7
864,6,5,2,6,3,6,4,-2,1,1,6
865,3,7,6,7,5,7,7,8,3,2,3
866,5,7,3,4,2,7,4,9,2,5,5
867,2,5,1,3,3,3,2,-2,2,2,1
868,2,5,2,6,7,5,2,-2,5,2,3
869,2,6,2,7,7,3,4,-2,1,5,3
870,7,7,7,4,3,2,3,9,5,5,2
871,4,1,3,3,2,5,6,7,3,5,4
872,1,3,2,6,2,2,3,8,6,7,2
873,1,5,7,,3,4,4,-1,,1,2
874,2,2,4,6,5,6,5,9,5,2,7
875,2,7,3,2,5,3,2,7,2,7,4
876,4,5,2,6,3,3,3,-2,3,5,5
877,5,3,2,1,1,6,7,-1,3,5,5
878,7,4,1,5,4,2,3,0,5,1,1
879,1,5,3,7,3,2,4,0,1,1,6
880,2,7,2,6,5,4,5,9,5,5,5
881,7,6,7,5,1,5,4,0,5,2,4
882,7,5,3,1,3,3,4,0,2,6,3
883,6,5,2,4,5,2,4,-1,2,5,6
884,7,1,2,6,5,3,4,8,6,6,4
885,1,7,2,6,3,3,3,0,1,5,3
886,3,4,1,2,7,3,4,-1,3,1,7
887,7,6,3,,2,2,4,8,,1,4
888,1,5,2,6,3,2,4,1,3,5,2
889,1,2,3,6,3,2,6,1,6,7,2
890,4,7,5,6,5,5,7,0,1,7,7
891,7,,,1,,,,,5,,
892,6,7,2,6,3,3,5,7,5,5,2
893,1,5,4,6,3,7,3,1,1,2,7
894,1,5,7,4,3,5,3,-2,6,7,1
895,5,7,3,7,5,3,2,8,6,6,7
896,2,3,2,6,1,5,4,9,6,5,4
897,7,5,1,6,3,5,6,-1,3,1,1
898,6,7,3,4,2,4,4,9,5,2,4
899,2,7,4,4,5,5,6,7,6,6,6
900,7,7,2,6,3,4,3,8,3,1,3
901,4,2,1,7,3,3,6,9,5,5,1
902,2,2,2,3,4,4,5,8,2,7,1
903,3,5,3,5,3,7,4,0,1,6,1
904,5,1,2,6,7,3,2,0,1,7,3
905,4,7,5,7,5,7,4,0,6,5,2
906,5,5,1,5,3,3,2,-1,6,7,4
907,3,2,5,2,3,4,7,1,5,2,7
908,3,6,2,6,4,7,4,9,3,1,3
909,2,5,1,1,3,3,4,7,3,1,1
910,6,7,3,3,5,5,4,7,2,7,3
911,3,3,4,6,3,5,2,-2,5,7,7
912,4,5,2,6,3,3,4,9,5,2,3
913,7,1,5,2,2,2,5,0,2,5,2
914,5,5,3,,7,6,3,0,,6,1
915,6,7,5,4,3,4,4,-2,1,2,7
916,4,3,2,6,6,3,7,-1,3,1,5
917,7,1,3,2,4,2,3,-2,2,5,4
918,5,5,2,1,3,3,6,1,2,5,3
919,1,2,1,5,1,6,5,-1,5,7,4
920,2,7,2,6,5,4,2,9,6,7,7
921,7,,,,,,,,,,
922,2,,,6,,,,,3,,
923,1,2,4,7,7,3,4,-2,2,2,3
924,6,5,2,6,3,4,5,9,1,6,3
925,5,7,2,7,5,5,4,9,6,2,2
926,3,2,3,5,3,2,3,-1,3,2,2
927,4,5,6,1,3,7,7,-1,6,7,3
928,7,1,2,6,2,3,6,0,5,6,1
929,2,3,2,1,3,5,6,1,1,1,5
930,6,7,4,1,3,5,3,1,3,1,7
931,6,3,3,1,3,2,3,1,5,6,6
932,6,2,2,6,1,6,4,7,6,6,3
933,5,5,4,4,3,2,2,-1,1,1,1
934,1,4,5,1,6,2,6,-2,5,6,3
935,3,7,2,5,5,3,5,0,3,5,7
936,3,5,2,6,3,3,5,9,3,7,2
937,4,6,5,2,2,3,6,9,1,6,2
938,7,1,3,5,2,7,2,9,1,2,3
939,4,,,5,,,,,3,,
940,1,7,2,6,5,6,7,1,3,2,2
941,2,6,3,7,2,5,3,7,1,6,2
942,7,5,7,6,3,3,4,9,6,1,3
943,6,6,6,2,1,6,3,1,2,6,3
944,4,3,2,6,3,4,4,9,6,7,2
945,2,7,3,1,3,7,4,-2,3,1,6
946,1,1,7,6,3,7,6,7,5,6,1
947,6,6,5,2,3,3,4,8,6,5,3
948,6,5,2,6,3,4,6,-2,3,5,3
949,5,1,7,6,2,2,7,7,3,5,2
950,2,7,7,5,5,4,4,8,2,7,6
951,2,5,7,3,3,4,6,1,3,6,5
952,7,5,2,6,4,6,6,0,6,2,7
953,2,4,6,5,3,2,4,7,1,5,4
954,5,5,4,1,3,5,2,-2,3,6,6
955,2,7,7,7,5,5,5,1,3,1,3
956,7,1,2,6,4,6,6,8,3,7,6
957,5,5,1,7,3,3,4,9,2,1,5
958,1,7,6,4,5,2,6,0,2,7,2
959,4,3,3,7,7,2,4,-1,1,2,2
960,2,7,2,6,3,2,6,-1,5,1,7
961,2,1,1,2,5,4,7,1,5,2,6
962,7,6,5,6,1,6,2,-2,6,2,1
963,7,5,3,1,3,3,3,1,5,6,5
964,5,3,2,6,2,7,4,7,1,7,4
965,6,7,1,3,5,3,3,8,3,6,4
966,7,5,3,4,3,2,7,-1,6,7,2
967,7,4,3,3,6,7,3,1,1,1,3
968,6,6,2,6,2,2,3,9,1,6,2
969,3,5,7,2,3,6,6,-2,2,6,5
970,3,7,3,6,5,2,4,8,1,5,7
971,6,7,4,1,3,2,2,9,3,2,6
972,1,5,2,6,3,7,2,8,1,1,7
973,2,2,3,3,4,3,5,-2,1,7,6
974,5,4,6,3,5,3,5,8,6,2,7
975,1,7,3,2,3,2,5,1,1,7,5
976,2,3,2,6,5,4,6,9,6,2,1
977,3,7,1,5,4,3,7,0,1,6,2
978,1,5,7,7,3,3,3,1,1,2,1
979,3,2,3,3,6,4,2,9,1,6,1
980,7,7,2,6,5,6,7,9,6,2,1
981,2,5,6,1,3,6,4,9,6,5,7
982,5,7,1,7,3,5,4,9,1,5,5
983,5,7,3,5,7,3,6,8,3,7,3
984,2,5,2,6,3,3,6,8,5,2,4
985,6,7,1,7,5,4,3,0,1,5,1
986,4,4,2,3,6,4,2,9,1,5,1
987,6,5,3,3,3,5,5,9,2,1,2
988,2,1,2,6,2,6,4,0,3,6,6
989,2,4,2,5,5,4,4,-2,5,2,5
990,2,7,2,1,3,5,5,1,2,1,3
991,6,3,2,2,7,3,6,0,1,6,1
992,6,7,2,6,3,2,2,8,6,7,5
993,5,5,6,6,3,2,6,8,5,1,6
994,7,4,3,,7,6,3,0,,6,7
995,1,7,3,4,5,3,6,7,2,5,7
996,1,5,2,6,3,2,3,0,6,1,1
997,5,5,2,2,6,3,4,0,2,5,3
998,7,3,4,4,7,2,3,-2,2,6,7
999,3,5,2,1,3,2,5,7,1,7,6
1000,3,7,2,6,5,2,4,-1,1,1,5
